2026-05-25_15-53-44,0,main.go:2026-05-25_15-53-44
2026-05-25_16-14-10,0,main.go:2026-05-25_16-14-10
2026-05-25_16-14-25,---,main.go:2026-05-25_16-14-10
2026-05-27_20-53-11,0,main.go:2026-05-27_20-53-11
2026-05-27_20-53-17,---,main.go:2026-05-27_20-53-11
2026-05-27_21-12-00,---,main.go:2026-05-27_21-12-00
2026-05-27_21-17-27,0,main.go:2026-05-27_21-17-27
2026-05-27_21-40-48,0,main.go:2026-05-27_21-40-48
2026-05-27_21-42-12,0,main.go:2026-05-27_21-42-12
2026-05-27_21-43-29,0,main.go:2026-05-27_21-43-29
2026-05-27_21-45-38,0,main.go:2026-05-27_21-45-38
2026-05-27_21-48-27,0,main.go:2026-05-27_21-48-27
2026-05-27_21-48-44,0,main.go:2026-05-27_21-48-44
2026-05-27_21-48-58,0,main.go:2026-05-27_21-48-58
2026-05-27_21-49-38,0,main.go:2026-05-27_21-49-38
2026-05-27_21-50-25,0,main.go:2026-05-27_21-50-25
2026-05-27_21-52-16,0,main.go:2026-05-27_21-52-16
2026-05-27_21-52-33,0,main.go:2026-05-27_21-52-33
2026-05-27_21-53-56,0,main.go:2026-05-27_21-53-56
2026-05-27_21-54-23,0,main.go:2026-05-27_21-54-23
2026-05-27_21-58-16,0,main.go:2026-05-27_21-58-16
2026-05-27_22-33-34,66,main.go:2026-05-27_22-33-34
2026-05-27_22-34-18,33,main.go:2026-05-27_22-34-18
2026-05-27_22-34-59,33,main.go:2026-05-27_22-34-59
2026-05-27_22-36-04,33,main.go:2026-05-27_22-36-04
2026-05-27_22-36-25,---,main.go:2026-05-27_22-36-04
2026-05-27_22-38-16,100,main.go:2026-05-27_22-38-16
