2026-04-06_14-40-07,0,main.go:2026-04-06_14-40-07
2026-04-06_14-40-10,0,main.go:2026-04-06_14-40-07
2026-04-06_14-43-25,0,main.go:2026-04-06_14-43-25
2026-04-06_14-43-27,0,main.go:2026-04-06_14-43-25
2026-04-06_14-44-56,0,main.go:2026-04-06_14-44-56
2026-04-06_14-44-58,0,main.go:2026-04-06_14-44-56
2026-04-06_14-47-39,0,main.go:2026-04-06_14-47-39
2026-04-06_14-47-45,0,main.go:2026-04-06_14-47-39
2026-04-06_14-48-49,0,main.go:2026-04-06_14-48-49
2026-04-06_14-48-52,0,main.go:2026-04-06_14-48-49
2026-04-06_14-49-29,0,main.go:2026-04-06_14-49-29
2026-04-06_14-49-33,0,main.go:2026-04-06_14-49-29
2026-04-06_14-50-15,0,main.go:2026-04-06_14-50-15
2026-04-06_14-50-16,0,main.go:2026-04-06_14-50-15
2026-04-06_14-56-01,0,main.go:2026-04-06_14-56-01
2026-04-06_14-56-03,0,main.go:2026-04-06_14-56-01
2026-04-06_14-56-55,0,main.go:2026-04-06_14-56-55
2026-04-06_14-56-58,0,main.go:2026-04-06_14-56-55
2026-04-06_15-44-54,0,main.go:2026-04-06_14-56-55
2026-04-06_15-44-57,0,main.go:2026-04-06_14-56-55
