2026-04-03_16-12-35,---,shell.go:2026-04-03_16-12-35
2026-04-03_16-13-45,---,shell.go:2026-04-03_16-13-45
2026-04-03_16-14-01,---,shell.go:2026-04-03_16-13-45
2026-04-03_16-14-07,0,shell.go:2026-04-03_16-13-45
2026-04-03_16-15-08,0,shell.go:2026-04-03_16-13-45
2026-04-03_16-15-08,---,shell.go:2026-04-03_16-13-45
2026-04-03_16-15-19,0,shell.go:2026-04-03_16-13-45
2026-04-03_16-19-20,0,shell.go:2026-04-03_16-19-20
2026-04-03_16-19-23,0,shell.go:2026-04-03_16-19-20
2026-04-03_16-20-31,0,shell.go:2026-04-03_16-20-31
2026-04-03_16-20-35,0,shell.go:2026-04-03_16-20-31
2026-04-03_16-20-48,0,shell.go:2026-04-03_16-20-48
2026-04-03_16-20-49,0,shell.go:2026-04-03_16-20-48
2026-04-03_16-20-50,0,shell.go:2026-04-03_16-20-48
2026-04-03_16-20-57,0,shell.go:2026-04-03_16-20-48
2026-04-03_16-25-01,0,shell.go:2026-04-03_16-25-01
2026-04-03_16-25-03,0,shell.go:2026-04-03_16-25-01
2026-04-03_16-33-04,0,shell.go:2026-04-03_16-33-04
2026-04-03_16-33-06,0,shell.go:2026-04-03_16-33-04
2026-04-03_16-33-21,0,shell.go:2026-04-03_16-33-21
2026-04-03_16-33-24,0,shell.go:2026-04-03_16-33-21
2026-04-03_16-34-53,0,shell.go:2026-04-03_16-34-53
2026-04-03_16-34-56,0,shell.go:2026-04-03_16-34-53
2026-04-03_16-35-27,0,shell.go:2026-04-03_16-35-27
2026-04-03_16-35-29,0,shell.go:2026-04-03_16-35-27
2026-04-03_16-41-18,0,shell.go:2026-04-03_16-41-18
2026-04-03_16-41-21,0,shell.go:2026-04-03_16-41-18
2026-04-03_16-41-41,0,shell.go:2026-04-03_16-41-18
2026-04-03_16-41-44,0,shell.go:2026-04-03_16-41-18
2026-04-03_16-42-29,0,shell.go:2026-04-03_16-41-18
2026-04-03_16-43-12,0,shell.go:2026-04-03_16-43-12
2026-04-03_16-43-14,0,shell.go:2026-04-03_16-43-12
2026-04-03_16-43-42,0,shell.go:2026-04-03_16-43-42
2026-04-03_16-47-00,0,shell.go:2026-04-03_16-47-00
2026-04-03_16-47-03,0,shell.go:2026-04-03_16-47-00
2026-04-03_16-47-19,0,shell.go:2026-04-03_16-47-19
2026-04-03_16-47-23,0,shell.go:2026-04-03_16-47-19
2026-04-03_16-47-31,0,shell.go:2026-04-03_16-47-19
2026-04-03_16-47-34,12,shell.go:2026-04-03_16-47-19
2026-04-03_16-47-39,12,shell.go:2026-04-03_16-47-19
2026-04-03_16-47-49,0,shell.go:2026-04-03_16-47-19
2026-04-03_16-49-14,0,shell.go:2026-04-03_16-49-14
2026-04-03_16-49-16,12,shell.go:2026-04-03_16-49-14
2026-04-03_16-49-30,12,shell.go:2026-04-03_16-49-14
2026-04-03_17-01-56,0,shell.go:2026-04-03_17-01-56
2026-04-03_17-01-57,0,shell.go:2026-04-03_17-01-56
2026-04-03_17-01-59,0,shell.go:2026-04-03_17-01-56
2026-04-03_17-02-29,0,shell.go:2026-04-03_17-02-29
2026-04-03_17-02-42,0,shell.go:2026-04-03_17-02-42
2026-04-03_17-02-45,0,shell.go:2026-04-03_17-02-42
2026-04-03_17-03-23,0,shell.go:2026-04-03_17-03-23
2026-04-03_17-03-27,12,shell.go:2026-04-03_17-03-23
2026-04-03_17-03-42,12,shell.go:2026-04-03_17-03-23
2026-04-03_17-05-16,0,shell.go:2026-04-03_17-05-16
2026-04-03_17-05-20,0,shell.go:2026-04-03_17-05-16
2026-04-03_17-05-29,12,shell.go:2026-04-03_17-05-16
2026-04-03_17-05-35,12,shell.go:2026-04-03_17-05-16
2026-04-03_17-06-21,12,shell.go:2026-04-03_17-05-16
2026-04-03_17-23-33,12,shell.go:2026-04-03_17-23-33
2026-04-03_17-23-34,12,shell.go:2026-04-03_17-23-33
2026-04-03_17-25-52,0,shell.go:2026-04-03_17-25-52
2026-04-03_17-25-54,12,shell.go:2026-04-03_17-25-52
2026-04-03_17-26-47,0,shell.go:2026-04-03_17-26-47
2026-04-03_17-26-50,12,shell.go:2026-04-03_17-26-47
2026-04-03_17-29-24,0,shell.go:2026-04-03_17-29-24
2026-04-03_17-29-29,12,shell.go:2026-04-03_17-29-24
2026-04-03_17-31-03,12,shell.go:2026-04-03_17-31-03
2026-04-03_17-42-43,0,shell.go:2026-04-03_17-42-43
2026-04-03_17-42-45,12,shell.go:2026-04-03_17-42-43
2026-04-03_17-43-27,0,shell.go:2026-04-03_17-43-27
2026-04-03_17-43-30,12,shell.go:2026-04-03_17-43-27
2026-04-03_17-43-55,0,shell.go:2026-04-03_17-43-55
2026-04-03_17-43-58,12,shell.go:2026-04-03_17-43-55
2026-04-03_17-45-11,0,shell.go:2026-04-03_17-45-11
2026-04-03_17-45-15,12,shell.go:2026-04-03_17-45-11
2026-04-03_18-01-38,0,shell.go:2026-04-03_18-01-38
2026-04-03_18-01-41,0,shell.go:2026-04-03_18-01-38
2026-04-03_18-01-47,12,shell.go:2026-04-03_18-01-38
2026-04-03_18-05-29,0,shell.go:2026-04-03_18-05-29
2026-04-03_18-05-32,12,shell.go:2026-04-03_18-05-29
2026-04-03_18-05-40,0,shell.go:2026-04-03_18-05-29
2026-04-03_18-05-46,12,shell.go:2026-04-03_18-05-29
2026-04-03_18-07-29,0,shell.go:2026-04-03_18-07-29
2026-04-03_18-07-34,12,shell.go:2026-04-03_18-07-29
2026-04-03_18-08-31,0,shell.go:2026-04-03_18-08-31
2026-04-03_18-08-34,0,shell.go:2026-04-03_18-08-31
2026-04-03_18-08-37,12,shell.go:2026-04-03_18-08-31
2026-04-03_18-11-01,0,shell.go:2026-04-03_18-11-01
2026-04-03_18-11-05,12,shell.go:2026-04-03_18-11-01
2026-04-03_18-12-11,0,shell.go:2026-04-03_18-12-11
2026-04-03_18-12-14,12,shell.go:2026-04-03_18-12-11
2026-04-03_18-12-39,0,shell.go:2026-04-03_18-12-39
2026-04-03_18-12-42,12,shell.go:2026-04-03_18-12-39
