2026-05-29_10-20-18,0,draft.go:2026-05-29_10-20-18
2026-05-29_10-26-26,0,draft.go:2026-05-29_10-26-26
2026-05-29_10-27-51,0,draft.go:2026-05-29_10-27-51
2026-05-29_10-29-14,---,draft.go:2026-05-29_10-27-51
2026-05-29_10-29-51,0,draft.go:2026-05-29_10-29-51
2026-05-29_11-06-23,0,draft.go:2026-05-29_11-06-23
2026-05-29_11-11-18,0,draft.go:2026-05-29_11-11-18
2026-05-29_11-11-45,0,draft.go:2026-05-29_11-11-45
2026-05-29_11-13-13,0,draft.go:2026-05-29_11-13-13
2026-05-29_11-13-18,0,draft.go:2026-05-29_11-13-13
