2026-03-14_09-42-49,0,draft.go:2026-03-14_09-42-49
2026-03-14_09-44-47,0,draft.go:2026-03-14_09-44-47
2026-03-14_09-45-10,0,draft.go:2026-03-14_09-44-47
2026-03-14_09-46-00,0,draft.go:2026-03-14_09-46-00
2026-03-14_09-46-11,0,draft.go:2026-03-14_09-46-00
2026-03-14_09-51-55,0,draft.go:2026-03-14_09-51-55
2026-03-14_09-53-16,0,draft.go:2026-03-14_09-53-16
2026-03-14_09-53-30,0,draft.go:2026-03-14_09-53-16
2026-03-14_09-54-00,---,draft.go:2026-03-14_09-53-16
2026-03-14_09-56-14,0,draft.go:2026-03-14_09-56-14
2026-03-14_09-56-37,---,draft.go:2026-03-14_09-56-14
2026-03-14_09-57-45,0,draft.go:2026-03-14_09-57-45
2026-03-14_09-58-47,0,draft.go:2026-03-14_09-58-47
2026-03-14_10-01-00,0,draft.go:2026-03-14_10-01-00
2026-03-14_10-03-43,0,draft.go:2026-03-14_10-03-43
2026-03-14_10-05-39,0,draft.go:2026-03-14_10-05-39
2026-03-14_10-21-15,0,draft.go:2026-03-14_10-21-15
2026-03-14_10-24-12,0,draft.go:2026-03-14_10-24-12
2026-03-14_10-24-18,0,draft.go:2026-03-14_10-24-18
2026-03-14_10-24-52,0,draft.go:2026-03-14_10-24-52
2026-03-14_10-25-28,0,draft.go:2026-03-14_10-25-28
2026-03-14_10-27-46,0,draft.go:2026-03-14_10-27-46
2026-03-14_10-28-14,0,draft.go:2026-03-14_10-28-14
2026-03-14_10-28-53,50,draft.go:2026-03-14_10-28-53
2026-03-14_10-30-28,100,draft.go:2026-03-14_10-30-28
