2026-03-15_14-31-31,0,draft.go:2026-03-15_14-31-31
2026-03-15_14-33-03,0,draft.go:2026-03-15_14-33-03
2026-03-15_14-34-07,0,draft.go:2026-03-15_14-34-07
2026-03-15_14-36-28,0,draft.go:2026-03-15_14-36-28
2026-03-15_14-37-16,0,draft.go:2026-03-15_14-37-16
2026-03-15_14-37-18,0,draft.go:2026-03-15_14-37-16
2026-03-15_14-37-36,0,draft.go:2026-03-15_14-37-16
2026-03-15_14-41-55,66,draft.go:2026-03-15_14-41-55
2026-03-15_14-54-49,0,draft.go:2026-03-15_14-54-49
2026-03-15_15-02-14,---,draft.go:2026-03-15_15-02-14
2026-03-15_15-04-31,100,draft.go:2026-03-15_15-04-31
