2026-05-14_10-18-40,0,main.go:2026-05-14_10-18-40
2026-05-15_08-35-32,0,main.go:2026-05-15_08-35-32
2026-05-15_08-49-47,0,main.go:2026-05-15_08-49-47
2026-05-15_08-51-09,0,main.go:2026-05-15_08-51-09
2026-05-15_08-54-42,---,main.go:2026-05-15_08-51-09
2026-05-15_08-57-13,0,main.go:2026-05-15_08-57-13
2026-05-15_08-57-40,0,main.go:2026-05-15_08-57-40
2026-05-15_08-58-31,0,main.go:2026-05-15_08-58-31
2026-05-15_08-58-58,0,main.go:2026-05-15_08-58-58
2026-05-15_08-59-58,---,main.go:2026-05-15_08-58-58
2026-05-15_10-00-41,0,main.go:2026-05-15_10-00-41
2026-05-15_18-57-44,0,main.go:2026-05-15_18-57-44
2026-05-15_19-06-12,0,main.go:2026-05-15_19-06-12
2026-05-15_19-06-38,0,main.go:2026-05-15_19-06-38
2026-05-15_19-08-00,0,main.go:2026-05-15_19-08-00
2026-05-15_19-09-12,---,main.go:2026-05-15_19-08-00
2026-05-15_19-10-32,0,main.go:2026-05-15_19-10-32
2026-05-15_19-10-39,0,main.go:2026-05-15_19-10-32
2026-05-15_19-10-45,0,main.go:2026-05-15_19-10-45
2026-05-15_19-11-21,0,main.go:2026-05-15_19-11-21
2026-05-15_19-11-56,0,main.go:2026-05-15_19-11-56
2026-05-15_19-12-09,0,main.go:2026-05-15_19-12-09
2026-05-15_19-12-17,0,main.go:2026-05-15_19-12-17
2026-05-15_19-30-19,0,main.go:2026-05-15_19-30-19
2026-05-15_19-38-58,0,main.go:2026-05-15_19-38-58
2026-05-15_19-41-26,0,main.go:2026-05-15_19-41-26
2026-05-15_19-45-09,33,main.go:2026-05-15_19-45-09
2026-05-15_19-46-26,66,main.go:2026-05-15_19-46-26
2026-05-15_19-51-52,100,main.go:2026-05-15_19-51-52
2026-05-15_19-54-13,0,main.go:2026-05-15_19-54-13
2026-05-15_19-54-28,100,main.go:2026-05-15_19-54-28
