2026-05-21_22-15-26,0,dlist.go:2026-05-21_22-15-26;main.go:2026-05-21_22-15-26
2026-05-21_22-42-37,0,dlist.go:2026-05-21_22-15-26;main.go:2026-05-21_22-42-37
2026-05-21_22-42-46,0,dlist.go:2026-05-21_22-15-26;main.go:2026-05-21_22-42-37
2026-05-21_22-43-07,0,dlist.go:2026-05-21_22-15-26;main.go:2026-05-21_22-43-07
2026-05-21_22-43-36,0,dlist.go:2026-05-21_22-15-26;main.go:2026-05-21_22-43-36
2026-05-21_22-44-01,0,dlist.go:2026-05-21_22-15-26;main.go:2026-05-21_22-44-01
2026-05-21_22-44-53,0,dlist.go:2026-05-21_22-15-26;main.go:2026-05-21_22-44-53
2026-05-21_22-46-35,0,dlist.go:2026-05-21_22-15-26;main.go:2026-05-21_22-46-35
2026-05-21_22-48-56,0,dlist.go:2026-05-21_22-15-26;main.go:2026-05-21_22-48-56
2026-05-21_22-50-58,---,dlist.go:2026-05-21_22-15-26;main.go:2026-05-21_22-48-56
2026-05-21_22-51-52,100,dlist.go:2026-05-21_22-15-26;main.go:2026-05-21_22-51-52
2026-05-21_22-52-28,0,dlist.go:2026-05-21_22-15-26;main.go:2026-05-21_22-52-28
2026-05-21_22-54-53,100,dlist.go:2026-05-21_22-15-26;main.go:2026-05-21_22-54-53
2026-05-21_22-56-53,100,dlist.go:2026-05-21_22-15-26;main.go:2026-05-21_22-56-53
