2026-05-21_21-18-36,0,main.go:2026-05-21_21-18-36
2026-05-21_21-22-36,0,main.go:2026-05-21_21-22-36
2026-05-21_21-45-00,66,main.go:2026-05-21_21-45-00
2026-05-21_21-48-33,66,main.go:2026-05-21_21-48-33
2026-05-21_21-51-14,66,main.go:2026-05-21_21-51-14
2026-05-21_21-52-17,66,main.go:2026-05-21_21-52-17
2026-05-21_21-52-36,66,main.go:2026-05-21_21-52-36
2026-05-21_21-52-44,66,main.go:2026-05-21_21-52-44
2026-05-21_21-54-30,66,main.go:2026-05-21_21-54-30
2026-05-21_21-58-51,66,main.go:2026-05-21_21-58-51
2026-05-21_21-59-33,66,main.go:2026-05-21_21-59-33
2026-05-21_21-59-55,66,main.go:2026-05-21_21-59-55
2026-05-21_22-00-16,66,main.go:2026-05-21_22-00-16
2026-05-21_22-02-08,66,main.go:2026-05-21_22-02-08
2026-05-21_22-02-25,66,main.go:2026-05-21_22-02-25
2026-05-21_22-03-05,66,main.go:2026-05-21_22-03-05
2026-05-21_22-05-04,66,main.go:2026-05-21_22-05-04
2026-05-21_22-06-35,100,main.go:2026-05-21_22-06-35
2026-05-21_22-07-26,100,main.go:2026-05-21_22-07-26
2026-05-21_22-07-43,100,main.go:2026-05-21_22-07-43
2026-05-21_22-07-48,---,main.go:2026-05-21_22-07-43
2026-05-21_22-09-20,100,main.go:2026-05-21_22-09-20
2026-06-01_16-12-06,100,main.go:2026-05-21_22-09-20
