2026-03-11_20-52-27,0,draft.go:2026-03-11_20-52-27
2026-03-11_20-52-35,0,draft.go:2026-03-11_20-52-35
2026-03-11_20-55-41,0,draft.go:2026-03-11_20-52-35
2026-03-11_20-55-46,0,draft.go:2026-03-11_20-55-46
2026-03-11_20-59-40,0,draft.go:2026-03-11_20-55-46
2026-03-11_21-00-21,0,draft.go:2026-03-11_20-55-46
2026-03-11_21-00-27,---,draft.go:2026-03-11_20-55-46
2026-03-11_21-00-48,0,draft.go:2026-03-11_21-00-48
2026-03-11_21-00-51,---,draft.go:2026-03-11_21-00-48
2026-03-11_21-01-40,100,draft.go:2026-03-11_21-01-40
2026-03-11_21-04-17,100,draft.go:2026-03-11_21-04-17
2026-03-11_21-05-43,100,draft.go:2026-03-11_21-04-17
