2026-05-23_15-00-01,75,main.go:2026-05-23_15-00-01;stack.go:2026-05-23_15-00-01
2026-05-23_15-02-22,---,main.go:2026-05-23_15-00-01;stack.go:2026-05-23_15-00-01
2026-05-23_15-03-18,75,main.go:2026-05-23_15-00-01;stack.go:2026-05-23_15-00-01
2026-05-23_15-03-30,---,main.go:2026-05-23_15-00-01;stack.go:2026-05-23_15-00-01
2026-05-23_15-05-21,25,main.go:2026-05-23_15-05-21;stack.go:2026-05-23_15-00-01
2026-05-23_15-05-40,25,main.go:2026-05-23_15-05-40;stack.go:2026-05-23_15-00-01
2026-05-23_15-05-53,75,main.go:2026-05-23_15-05-53;stack.go:2026-05-23_15-00-01
2026-05-23_15-07-29,25,main.go:2026-05-23_15-07-29;stack.go:2026-05-23_15-00-01
2026-05-23_15-13-00,100,main.go:2026-05-23_15-13-00;stack.go:2026-05-23_15-00-01
2026-05-23_16-47-05,100,main.go:2026-05-23_16-47-05;stack.go:2026-05-23_15-00-01
