2026-03-12_08-22-49,0,draft.go:2026-03-12_08-22-49
2026-03-12_08-23-51,---,draft.go:2026-03-12_08-22-49
2026-03-12_08-24-43,---,draft.go:2026-03-12_08-24-43
2026-03-12_08-25-13,---,draft.go:2026-03-12_08-24-43
2026-03-12_08-25-41,---,draft.go:2026-03-12_08-24-43
2026-03-12_08-26-26,---,draft.go:2026-03-12_08-26-26
2026-03-12_08-27-48,---,draft.go:2026-03-12_08-27-48
2026-03-12_08-33-57,---,draft.go:2026-03-12_08-33-57
2026-03-12_08-37-40,---,draft.go:2026-03-12_08-37-40
2026-03-12_08-37-59,25,draft.go:2026-03-12_08-37-40
2026-03-12_08-40-58,---,draft.go:2026-03-12_08-40-58
2026-03-12_08-41-32,25,draft.go:2026-03-12_08-41-32
2026-03-12_08-41-36,---,draft.go:2026-03-12_08-41-32
2026-03-12_08-43-52,---,draft.go:2026-03-12_08-43-52
2026-03-12_08-44-00,---,draft.go:2026-03-12_08-43-52
2026-03-12_08-48-42,100,draft.go:2026-03-12_08-48-42
2026-03-12_08-49-22,100,draft.go:2026-03-12_08-49-22
2026-03-12_08-50-19,100,draft.go:2026-03-12_08-49-22
