2026-06-29_18-51-53,0,main.go:2026-06-29_18-51-53
2026-06-29_18-52-13,0,main.go:2026-06-29_18-52-13
2026-06-29_18-52-53,0,main.go:2026-06-29_18-52-53
2026-06-29_18-57-01,0,main.go:2026-06-29_18-57-01
2026-06-29_18-58-42,0,main.go:2026-06-29_18-58-42
2026-06-29_19-05-22,0,main.go:2026-06-29_19-05-22
2026-06-29_19-12-45,---,main.go:2026-06-29_19-12-45
2026-06-29_19-13-22,---,main.go:2026-06-29_19-13-22
2026-06-29_19-26-03,0,main.go:2026-06-29_19-26-03
2026-06-29_19-30-20,0,main.go:2026-06-29_19-30-20
2026-06-29_19-31-49,0,main.go:2026-06-29_19-31-49
2026-06-29_19-57-44,0,main.go:2026-06-29_19-57-44
2026-06-29_19-57-59,0,main.go:2026-06-29_19-57-59
2026-06-29_19-58-42,0,main.go:2026-06-29_19-58-42
2026-06-29_19-58-59,0,main.go:2026-06-29_19-58-59
2026-06-29_20-01-43,0,main.go:2026-06-29_20-01-43
2026-06-29_20-02-03,0,main.go:2026-06-29_20-02-03
2026-06-29_20-04-27,0,main.go:2026-06-29_20-04-27
2026-06-29_20-05-02,0,main.go:2026-06-29_20-05-02
2026-06-29_20-05-45,0,main.go:2026-06-29_20-05-45
2026-06-29_20-06-01,---,main.go:2026-06-29_20-05-45
2026-06-29_20-07-03,0,main.go:2026-06-29_20-07-03
2026-06-29_20-07-46,0,main.go:2026-06-29_20-07-46
2026-06-29_20-09-08,0,main.go:2026-06-29_20-09-08
2026-06-29_20-10-44,33,main.go:2026-06-29_20-10-44
2026-06-29_20-13-11,33,main.go:2026-06-29_20-13-11
2026-06-29_20-13-34,33,main.go:2026-06-29_20-13-34
2026-06-29_20-13-56,33,main.go:2026-06-29_20-13-56
2026-06-29_20-14-08,66,main.go:2026-06-29_20-14-08
2026-06-29_20-15-05,---,main.go:2026-06-29_20-15-05
2026-06-29_20-16-05,66,main.go:2026-06-29_20-16-05
2026-06-29_20-16-23,66,main.go:2026-06-29_20-16-23
2026-06-29_20-16-57,100,main.go:2026-06-29_20-16-57
