2026-04-03_19-34-49,0,main.go:2026-04-03_19-34-49;pen.go:2026-04-03_19-34-49
2026-04-03_19-35-04,0,main.go:2026-04-03_19-34-49;pen.go:2026-04-03_19-34-49
2026-04-03_19-35-43,0,main.go:2026-04-03_19-34-49;pen.go:2026-04-03_19-35-43
2026-04-03_19-35-46,0,main.go:2026-04-03_19-34-49;pen.go:2026-04-03_19-35-43
2026-04-03_19-36-24,0,main.go:2026-04-03_19-36-24;pen.go:2026-04-03_19-35-43
2026-04-03_19-36-30,0,main.go:2026-04-03_19-36-24;pen.go:2026-04-03_19-35-43
2026-04-03_19-37-14,0,main.go:2026-04-03_19-37-14;pen.go:2026-04-03_19-35-43
2026-04-03_19-37-25,0,main.go:2026-04-03_19-37-14;pen.go:2026-04-03_19-35-43
2026-04-03_19-37-27,0,main.go:2026-04-03_19-37-14;pen.go:2026-04-03_19-35-43
2026-04-03_19-39-01,0,main.go:2026-04-03_19-39-01;pen.go:2026-04-03_19-39-01
2026-04-03_19-39-04,0,main.go:2026-04-03_19-39-01;pen.go:2026-04-03_19-39-01
2026-04-03_19-39-08,0,main.go:2026-04-03_19-39-01;pen.go:2026-04-03_19-39-01
2026-04-03_19-40-22,0,main.go:2026-04-03_19-39-01;pen.go:2026-04-03_19-39-01
2026-04-03_19-40-26,0,main.go:2026-04-03_19-39-01;pen.go:2026-04-03_19-39-01
2026-04-03_19-40-30,0,main.go:2026-04-03_19-39-01;pen.go:2026-04-03_19-39-01
2026-04-03_19-40-38,0,main.go:2026-04-03_19-39-01;pen.go:2026-04-03_19-39-01
2026-04-03_19-41-05,0,main.go:2026-04-03_19-41-05;pen.go:2026-04-03_19-39-01
2026-04-03_19-41-40,0,main.go:2026-04-03_19-41-40;pen.go:2026-04-03_19-39-01
2026-04-03_19-41-43,0,main.go:2026-04-03_19-41-40;pen.go:2026-04-03_19-39-01
2026-04-03_19-41-46,0,main.go:2026-04-03_19-41-40;pen.go:2026-04-03_19-39-01
2026-04-03_19-42-05,0,main.go:2026-04-03_19-42-05;pen.go:2026-04-03_19-39-01
2026-04-06_15-46-59,0,main.go:2026-04-03_19-42-05;pen.go:2026-04-03_19-39-01
2026-04-06_15-47-52,0,main.go:2026-04-06_15-47-52;pen.go:2026-04-03_19-39-01
2026-04-06_15-47-54,0,main.go:2026-04-06_15-47-52;pen.go:2026-04-03_19-39-01
2026-04-06_15-48-49,0,main.go:2026-04-06_15-48-49;pen.go:2026-04-03_19-39-01
2026-04-06_15-48-51,0,main.go:2026-04-06_15-48-49;pen.go:2026-04-03_19-39-01
2026-04-06_15-49-13,0,main.go:2026-04-06_15-49-13;pen.go:2026-04-03_19-39-01
2026-04-06_15-49-15,0,main.go:2026-04-06_15-49-13;pen.go:2026-04-03_19-39-01
2026-04-06_15-49-42,0,main.go:2026-04-06_15-49-42;pen.go:2026-04-03_19-39-01
2026-04-06_15-49-43,0,main.go:2026-04-06_15-49-42;pen.go:2026-04-03_19-39-01
2026-04-06_15-51-07,0,main.go:2026-04-06_15-51-07;pen.go:2026-04-03_19-39-01
2026-04-06_15-51-09,0,main.go:2026-04-06_15-51-07;pen.go:2026-04-03_19-39-01
2026-04-06_15-51-36,0,main.go:2026-04-06_15-51-36;pen.go:2026-04-03_19-39-01
2026-04-06_15-51-37,0,main.go:2026-04-06_15-51-36;pen.go:2026-04-03_19-39-01
2026-04-06_15-51-57,0,main.go:2026-04-06_15-51-57;pen.go:2026-04-03_19-39-01
2026-04-06_15-51-58,0,main.go:2026-04-06_15-51-57;pen.go:2026-04-03_19-39-01
2026-04-06_15-52-32,0,main.go:2026-04-06_15-52-32;pen.go:2026-04-03_19-39-01
2026-04-06_15-52-33,0,main.go:2026-04-06_15-52-32;pen.go:2026-04-03_19-39-01
2026-04-06_15-54-12,0,main.go:2026-04-06_15-54-12;pen.go:2026-04-03_19-39-01
2026-04-06_15-54-14,0,main.go:2026-04-06_15-54-12;pen.go:2026-04-03_19-39-01
2026-04-06_15-54-15,0,main.go:2026-04-06_15-54-12;pen.go:2026-04-03_19-39-01
2026-04-06_15-54-37,0,main.go:2026-04-06_15-54-37;pen.go:2026-04-03_19-39-01
2026-04-06_15-54-39,0,main.go:2026-04-06_15-54-37;pen.go:2026-04-03_19-39-01
2026-04-06_15-54-53,0,main.go:2026-04-06_15-54-53;pen.go:2026-04-03_19-39-01
2026-04-06_15-54-55,0,main.go:2026-04-06_15-54-53;pen.go:2026-04-03_19-39-01
2026-04-06_15-55-21,0,main.go:2026-04-06_15-55-21;pen.go:2026-04-03_19-39-01
2026-04-06_15-55-27,0,main.go:2026-04-06_15-55-21;pen.go:2026-04-03_19-39-01
2026-04-06_15-55-30,0,main.go:2026-04-06_15-55-21;pen.go:2026-04-03_19-39-01
2026-04-06_15-55-48,0,main.go:2026-04-06_15-55-48;pen.go:2026-04-03_19-39-01
2026-04-06_15-55-50,0,main.go:2026-04-06_15-55-48;pen.go:2026-04-03_19-39-01
2026-04-06_15-56-54,0,main.go:2026-04-06_15-56-54;pen.go:2026-04-03_19-39-01
2026-04-06_15-56-58,0,main.go:2026-04-06_15-56-54;pen.go:2026-04-03_19-39-01
2026-04-06_15-57-42,0,main.go:2026-04-06_15-57-42;pen.go:2026-04-03_19-39-01
2026-04-06_15-57-43,0,main.go:2026-04-06_15-57-42;pen.go:2026-04-03_19-39-01
2026-04-06_15-58-15,0,main.go:2026-04-06_15-58-15;pen.go:2026-04-03_19-39-01
2026-04-06_15-58-16,0,main.go:2026-04-06_15-58-15;pen.go:2026-04-03_19-39-01
2026-04-06_15-58-18,0,main.go:2026-04-06_15-58-15;pen.go:2026-04-03_19-39-01
2026-04-06_15-58-44,0,main.go:2026-04-06_15-58-44;pen.go:2026-04-03_19-39-01
2026-04-06_15-58-46,0,main.go:2026-04-06_15-58-44;pen.go:2026-04-03_19-39-01
2026-04-06_15-59-31,0,main.go:2026-04-06_15-59-31;pen.go:2026-04-03_19-39-01
2026-04-06_15-59-33,0,main.go:2026-04-06_15-59-31;pen.go:2026-04-03_19-39-01
2026-04-06_15-59-46,0,main.go:2026-04-06_15-59-46;pen.go:2026-04-03_19-39-01
2026-04-06_15-59-47,0,main.go:2026-04-06_15-59-46;pen.go:2026-04-03_19-39-01
2026-04-06_16-00-07,0,main.go:2026-04-06_16-00-07;pen.go:2026-04-03_19-39-01
2026-04-06_16-00-08,0,main.go:2026-04-06_16-00-07;pen.go:2026-04-03_19-39-01
2026-04-06_16-01-52,0,main.go:2026-04-06_16-01-52;pen.go:2026-04-03_19-39-01
2026-04-06_16-01-53,0,main.go:2026-04-06_16-01-52;pen.go:2026-04-03_19-39-01
2026-04-06_16-02-40,0,main.go:2026-04-06_16-02-40;pen.go:2026-04-03_19-39-01
2026-04-06_16-02-42,0,main.go:2026-04-06_16-02-40;pen.go:2026-04-03_19-39-01
2026-04-06_16-03-24,0,main.go:2026-04-06_16-03-24;pen.go:2026-04-03_19-39-01
2026-04-06_16-03-25,0,main.go:2026-04-06_16-03-24;pen.go:2026-04-03_19-39-01
2026-04-06_16-03-26,0,main.go:2026-04-06_16-03-24;pen.go:2026-04-03_19-39-01
2026-04-06_16-04-48,0,main.go:2026-04-06_16-04-48;pen.go:2026-04-03_19-39-01
2026-04-06_16-04-49,0,main.go:2026-04-06_16-04-48;pen.go:2026-04-03_19-39-01
2026-04-06_16-05-34,0,main.go:2026-04-06_16-05-34;pen.go:2026-04-03_19-39-01
2026-04-06_16-05-37,0,main.go:2026-04-06_16-05-34;pen.go:2026-04-03_19-39-01
2026-04-06_16-06-22,0,main.go:2026-04-06_16-06-22;pen.go:2026-04-03_19-39-01
2026-04-06_16-06-23,0,main.go:2026-04-06_16-06-22;pen.go:2026-04-03_19-39-01
2026-04-06_16-06-46,0,main.go:2026-04-06_16-06-46;pen.go:2026-04-03_19-39-01
2026-04-06_16-06-47,0,main.go:2026-04-06_16-06-46;pen.go:2026-04-03_19-39-01
2026-04-06_16-07-19,0,main.go:2026-04-06_16-07-19;pen.go:2026-04-03_19-39-01
2026-04-06_16-07-21,0,main.go:2026-04-06_16-07-19;pen.go:2026-04-03_19-39-01
2026-04-06_16-08-08,0,main.go:2026-04-06_16-08-08;pen.go:2026-04-03_19-39-01
2026-04-06_16-08-10,0,main.go:2026-04-06_16-08-08;pen.go:2026-04-03_19-39-01
2026-04-06_16-08-25,0,main.go:2026-04-06_16-08-25;pen.go:2026-04-03_19-39-01
2026-04-06_16-08-27,0,main.go:2026-04-06_16-08-25;pen.go:2026-04-03_19-39-01
2026-04-06_16-09-50,0,main.go:2026-04-06_16-09-50;pen.go:2026-04-03_19-39-01
2026-04-06_16-09-52,0,main.go:2026-04-06_16-09-50;pen.go:2026-04-03_19-39-01
2026-04-06_16-09-55,0,main.go:2026-04-06_16-09-50;pen.go:2026-04-03_19-39-01
2026-04-06_16-10-12,0,main.go:2026-04-06_16-10-12;pen.go:2026-04-03_19-39-01
2026-04-06_16-10-14,0,main.go:2026-04-06_16-10-12;pen.go:2026-04-03_19-39-01
2026-04-06_16-11-23,0,main.go:2026-04-06_16-11-23;pen.go:2026-04-03_19-39-01
2026-04-06_16-11-25,0,main.go:2026-04-06_16-11-23;pen.go:2026-04-03_19-39-01
2026-04-06_16-11-54,0,main.go:2026-04-06_16-11-54;pen.go:2026-04-03_19-39-01
2026-04-06_16-11-55,0,main.go:2026-04-06_16-11-54;pen.go:2026-04-03_19-39-01
2026-04-06_16-12-09,0,main.go:2026-04-06_16-12-09;pen.go:2026-04-03_19-39-01
2026-04-06_16-17-36,0,main.go:2026-04-06_16-17-36;pen.go:2026-04-03_19-39-01
2026-04-06_16-17-38,0,main.go:2026-04-06_16-17-36;pen.go:2026-04-03_19-39-01
2026-04-06_16-18-16,0,main.go:2026-04-06_16-18-16;pen.go:2026-04-03_19-39-01
2026-04-06_16-18-18,0,main.go:2026-04-06_16-18-16;pen.go:2026-04-03_19-39-01
2026-04-06_16-18-29,0,main.go:2026-04-06_16-18-29;pen.go:2026-04-03_19-39-01
2026-04-06_16-18-31,0,main.go:2026-04-06_16-18-29;pen.go:2026-04-03_19-39-01
2026-04-06_16-18-51,0,main.go:2026-04-06_16-18-51;pen.go:2026-04-03_19-39-01
2026-04-06_16-18-54,0,main.go:2026-04-06_16-18-51;pen.go:2026-04-03_19-39-01
2026-04-06_16-19-04,0,main.go:2026-04-06_16-19-04;pen.go:2026-04-03_19-39-01
2026-04-06_16-19-14,0,main.go:2026-04-06_16-19-14;pen.go:2026-04-03_19-39-01
2026-04-06_16-19-18,0,main.go:2026-04-06_16-19-14;pen.go:2026-04-03_19-39-01
2026-04-06_16-19-26,0,main.go:2026-04-06_16-19-26;pen.go:2026-04-03_19-39-01
2026-04-06_16-19-28,0,main.go:2026-04-06_16-19-26;pen.go:2026-04-03_19-39-01
2026-04-06_16-19-29,0,main.go:2026-04-06_16-19-26;pen.go:2026-04-03_19-39-01
2026-04-06_16-19-50,0,main.go:2026-04-06_16-19-50;pen.go:2026-04-03_19-39-01
2026-04-06_16-19-51,0,main.go:2026-04-06_16-19-50;pen.go:2026-04-03_19-39-01
2026-04-06_16-20-17,0,main.go:2026-04-06_16-20-17;pen.go:2026-04-03_19-39-01
2026-04-06_16-20-18,0,main.go:2026-04-06_16-20-17;pen.go:2026-04-03_19-39-01
2026-04-06_16-20-19,0,main.go:2026-04-06_16-20-17;pen.go:2026-04-03_19-39-01
2026-04-06_16-20-40,0,main.go:2026-04-06_16-20-40;pen.go:2026-04-03_19-39-01
2026-04-06_16-20-42,0,main.go:2026-04-06_16-20-40;pen.go:2026-04-03_19-39-01
2026-04-06_16-20-55,0,main.go:2026-04-06_16-20-55;pen.go:2026-04-03_19-39-01
2026-04-06_16-20-58,0,main.go:2026-04-06_16-20-55;pen.go:2026-04-03_19-39-01
2026-04-06_16-21-09,0,main.go:2026-04-06_16-21-09;pen.go:2026-04-03_19-39-01
2026-04-06_16-21-12,0,main.go:2026-04-06_16-21-09;pen.go:2026-04-03_19-39-01
2026-04-06_16-21-21,0,main.go:2026-04-06_16-21-21;pen.go:2026-04-03_19-39-01
2026-04-06_16-21-24,0,main.go:2026-04-06_16-21-21;pen.go:2026-04-03_19-39-01
2026-04-06_16-21-32,0,main.go:2026-04-06_16-21-32;pen.go:2026-04-03_19-39-01
2026-04-06_16-21-34,0,main.go:2026-04-06_16-21-32;pen.go:2026-04-03_19-39-01
2026-04-06_16-21-54,0,main.go:2026-04-06_16-21-54;pen.go:2026-04-03_19-39-01
2026-04-06_16-21-55,0,main.go:2026-04-06_16-21-54;pen.go:2026-04-03_19-39-01
2026-04-06_16-22-16,0,main.go:2026-04-06_16-22-16;pen.go:2026-04-03_19-39-01
2026-04-06_16-22-18,0,main.go:2026-04-06_16-22-16;pen.go:2026-04-03_19-39-01
2026-04-06_16-22-37,0,main.go:2026-04-06_16-22-37;pen.go:2026-04-03_19-39-01
2026-04-06_16-22-40,0,main.go:2026-04-06_16-22-37;pen.go:2026-04-03_19-39-01
2026-04-06_16-22-43,0,main.go:2026-04-06_16-22-37;pen.go:2026-04-03_19-39-01
2026-04-06_16-27-14,0,main.go:2026-04-06_16-27-14;pen.go:2026-04-03_19-39-01
2026-04-06_16-27-15,0,main.go:2026-04-06_16-27-14;pen.go:2026-04-03_19-39-01
2026-04-06_16-27-16,0,main.go:2026-04-06_16-27-14;pen.go:2026-04-03_19-39-01
2026-04-06_16-27-38,0,main.go:2026-04-06_16-27-38;pen.go:2026-04-03_19-39-01
2026-04-06_16-27-41,0,main.go:2026-04-06_16-27-38;pen.go:2026-04-03_19-39-01
2026-04-06_16-28-10,0,main.go:2026-04-06_16-28-10;pen.go:2026-04-03_19-39-01
2026-04-06_16-28-11,0,main.go:2026-04-06_16-28-10;pen.go:2026-04-03_19-39-01
2026-04-06_16-28-12,0,main.go:2026-04-06_16-28-10;pen.go:2026-04-03_19-39-01
2026-04-06_16-28-13,0,main.go:2026-04-06_16-28-10;pen.go:2026-04-03_19-39-01
2026-04-06_16-28-29,0,main.go:2026-04-06_16-28-29;pen.go:2026-04-03_19-39-01
2026-04-06_16-28-31,0,main.go:2026-04-06_16-28-29;pen.go:2026-04-03_19-39-01
2026-04-06_16-28-41,0,main.go:2026-04-06_16-28-41;pen.go:2026-04-03_19-39-01
2026-04-06_16-28-43,0,main.go:2026-04-06_16-28-41;pen.go:2026-04-03_19-39-01
2026-04-06_16-29-19,0,main.go:2026-04-06_16-28-41;pen.go:2026-04-03_19-39-01
2026-04-06_16-29-20,0,main.go:2026-04-06_16-28-41;pen.go:2026-04-03_19-39-01
2026-04-06_16-29-56,0,main.go:2026-04-06_16-29-56;pen.go:2026-04-03_19-39-01
2026-04-06_16-29-57,0,main.go:2026-04-06_16-29-56;pen.go:2026-04-03_19-39-01
2026-04-06_16-30-10,0,main.go:2026-04-06_16-30-10;pen.go:2026-04-03_19-39-01
2026-04-06_16-30-12,0,main.go:2026-04-06_16-30-10;pen.go:2026-04-03_19-39-01
2026-04-06_16-30-13,0,main.go:2026-04-06_16-30-10;pen.go:2026-04-03_19-39-01
2026-04-06_16-30-36,0,main.go:2026-04-06_16-30-36;pen.go:2026-04-03_19-39-01
2026-04-06_16-30-37,0,main.go:2026-04-06_16-30-36;pen.go:2026-04-03_19-39-01
2026-04-06_16-30-38,0,main.go:2026-04-06_16-30-36;pen.go:2026-04-03_19-39-01
2026-04-06_16-30-40,0,main.go:2026-04-06_16-30-36;pen.go:2026-04-03_19-39-01
2026-04-06_16-32-01,0,main.go:2026-04-06_16-32-01;pen.go:2026-04-03_19-39-01
2026-04-06_16-32-35,0,main.go:2026-04-06_16-32-35;pen.go:2026-04-03_19-39-01
2026-04-06_16-32-36,0,main.go:2026-04-06_16-32-35;pen.go:2026-04-03_19-39-01
2026-04-06_16-32-38,0,main.go:2026-04-06_16-32-35;pen.go:2026-04-03_19-39-01
2026-04-06_16-32-40,0,main.go:2026-04-06_16-32-35;pen.go:2026-04-03_19-39-01
2026-04-06_16-32-41,0,main.go:2026-04-06_16-32-35;pen.go:2026-04-03_19-39-01
2026-04-06_16-32-59,0,main.go:2026-04-06_16-32-59;pen.go:2026-04-03_19-39-01
2026-04-06_16-33-00,0,main.go:2026-04-06_16-32-59;pen.go:2026-04-03_19-39-01
2026-04-06_16-36-11,0,main.go:2026-04-06_16-36-11;pen.go:2026-04-03_19-39-01
2026-04-06_16-36-13,0,main.go:2026-04-06_16-36-11;pen.go:2026-04-03_19-39-01
2026-04-06_16-36-49,0,main.go:2026-04-06_16-36-49;pen.go:2026-04-03_19-39-01
2026-04-06_16-36-50,0,main.go:2026-04-06_16-36-49;pen.go:2026-04-03_19-39-01
2026-04-06_16-37-55,0,main.go:2026-04-06_16-37-55;pen.go:2026-04-03_19-39-01
2026-04-06_16-37-57,0,main.go:2026-04-06_16-37-55;pen.go:2026-04-03_19-39-01
2026-04-06_16-38-32,0,main.go:2026-04-06_16-38-32;pen.go:2026-04-03_19-39-01
2026-04-06_16-38-33,0,main.go:2026-04-06_16-38-32;pen.go:2026-04-03_19-39-01
2026-04-06_16-38-54,0,main.go:2026-04-06_16-38-54;pen.go:2026-04-03_19-39-01
2026-04-06_16-38-55,0,main.go:2026-04-06_16-38-54;pen.go:2026-04-03_19-39-01
2026-04-06_16-39-20,0,main.go:2026-04-06_16-39-20;pen.go:2026-04-03_19-39-01
2026-04-06_16-39-23,0,main.go:2026-04-06_16-39-20;pen.go:2026-04-03_19-39-01
2026-04-06_16-39-36,0,main.go:2026-04-06_16-39-36;pen.go:2026-04-03_19-39-01
2026-04-06_16-39-37,0,main.go:2026-04-06_16-39-36;pen.go:2026-04-03_19-39-01
2026-04-06_16-39-38,0,main.go:2026-04-06_16-39-36;pen.go:2026-04-03_19-39-01
2026-04-06_16-39-39,0,main.go:2026-04-06_16-39-36;pen.go:2026-04-03_19-39-01
2026-04-06_16-48-04,0,main.go:2026-04-06_16-48-04;pen.go:2026-04-03_19-39-01
2026-04-06_16-48-06,0,main.go:2026-04-06_16-48-04;pen.go:2026-04-03_19-39-01
2026-04-06_16-48-30,0,main.go:2026-04-06_16-48-30;pen.go:2026-04-03_19-39-01
2026-04-06_16-48-31,0,main.go:2026-04-06_16-48-30;pen.go:2026-04-03_19-39-01
2026-04-06_16-49-08,0,main.go:2026-04-06_16-49-08;pen.go:2026-04-03_19-39-01
2026-04-06_16-49-30,0,main.go:2026-04-06_16-49-30;pen.go:2026-04-03_19-39-01
2026-04-06_16-49-31,0,main.go:2026-04-06_16-49-30;pen.go:2026-04-03_19-39-01
2026-04-06_16-49-52,0,main.go:2026-04-06_16-49-52;pen.go:2026-04-03_19-39-01
2026-04-06_16-50-29,0,main.go:2026-04-06_16-50-29;pen.go:2026-04-03_19-39-01
2026-04-06_16-50-31,0,main.go:2026-04-06_16-50-29;pen.go:2026-04-03_19-39-01
2026-04-06_16-50-44,0,main.go:2026-04-06_16-50-44;pen.go:2026-04-03_19-39-01
2026-04-06_16-50-46,0,main.go:2026-04-06_16-50-44;pen.go:2026-04-03_19-39-01
2026-04-06_16-51-56,0,main.go:2026-04-06_16-51-56;pen.go:2026-04-03_19-39-01
2026-04-06_16-51-58,0,main.go:2026-04-06_16-51-56;pen.go:2026-04-03_19-39-01
2026-04-06_16-52-09,0,main.go:2026-04-06_16-52-09;pen.go:2026-04-03_19-39-01
2026-04-06_16-52-11,0,main.go:2026-04-06_16-52-09;pen.go:2026-04-03_19-39-01
2026-04-06_16-52-47,0,main.go:2026-04-06_16-52-47;pen.go:2026-04-03_19-39-01
2026-04-06_16-52-48,0,main.go:2026-04-06_16-52-47;pen.go:2026-04-03_19-39-01
2026-04-06_16-52-56,0,main.go:2026-04-06_16-52-56;pen.go:2026-04-03_19-39-01
2026-04-06_16-52-58,0,main.go:2026-04-06_16-52-56;pen.go:2026-04-03_19-39-01
2026-04-06_16-53-13,0,main.go:2026-04-06_16-53-13;pen.go:2026-04-03_19-39-01
2026-04-06_16-53-15,0,main.go:2026-04-06_16-53-13;pen.go:2026-04-03_19-39-01
2026-04-06_16-53-21,0,main.go:2026-04-06_16-53-21;pen.go:2026-04-03_19-39-01
2026-04-06_16-53-23,0,main.go:2026-04-06_16-53-21;pen.go:2026-04-03_19-39-01
2026-04-06_16-53-59,0,main.go:2026-04-06_16-53-59;pen.go:2026-04-03_19-39-01
2026-04-06_16-54-00,0,main.go:2026-04-06_16-53-59;pen.go:2026-04-03_19-39-01
2026-04-06_16-55-04,0,main.go:2026-04-06_16-55-04;pen.go:2026-04-03_19-39-01
2026-04-06_16-55-06,0,main.go:2026-04-06_16-55-04;pen.go:2026-04-03_19-39-01
2026-04-06_16-55-16,0,main.go:2026-04-06_16-55-16;pen.go:2026-04-03_19-39-01
2026-04-06_16-55-17,0,main.go:2026-04-06_16-55-16;pen.go:2026-04-03_19-39-01
2026-04-06_16-55-30,0,main.go:2026-04-06_16-55-30;pen.go:2026-04-03_19-39-01
2026-04-06_16-55-31,0,main.go:2026-04-06_16-55-30;pen.go:2026-04-03_19-39-01
2026-04-06_16-55-43,0,main.go:2026-04-06_16-55-43;pen.go:2026-04-03_19-39-01
2026-04-06_16-55-44,0,main.go:2026-04-06_16-55-43;pen.go:2026-04-03_19-39-01
2026-04-06_16-57-41,0,main.go:2026-04-06_16-57-41;pen.go:2026-04-03_19-39-01
2026-04-06_16-58-05,0,main.go:2026-04-06_16-58-05;pen.go:2026-04-03_19-39-01
2026-04-06_16-58-06,0,main.go:2026-04-06_16-58-05;pen.go:2026-04-03_19-39-01
2026-04-06_16-58-12,0,main.go:2026-04-06_16-58-12;pen.go:2026-04-03_19-39-01
2026-04-06_16-58-42,0,main.go:2026-04-06_16-58-32;pen.go:2026-04-03_19-39-01
2026-04-06_16-58-51,0,main.go:2026-04-06_16-58-51;pen.go:2026-04-03_19-39-01
2026-04-06_16-59-00,0,main.go:2026-04-06_16-58-51;pen.go:2026-04-03_19-39-01
2026-04-06_16-59-01,0,main.go:2026-04-06_16-58-51;pen.go:2026-04-03_19-39-01
2026-04-06_16-59-36,0,main.go:2026-04-06_16-59-36;pen.go:2026-04-03_19-39-01
2026-04-06_16-59-38,0,main.go:2026-04-06_16-59-36;pen.go:2026-04-03_19-39-01
2026-04-06_16-59-46,0,main.go:2026-04-06_16-59-46;pen.go:2026-04-03_19-39-01
2026-04-06_16-59-48,0,main.go:2026-04-06_16-59-46;pen.go:2026-04-03_19-39-01
2026-04-06_17-00-01,0,main.go:2026-04-06_17-00-01;pen.go:2026-04-03_19-39-01
2026-04-07_15-59-11,0,main.go:2026-04-07_15-59-11;pen.go:2026-04-03_19-39-01
2026-04-07_16-02-34,0,main.go:2026-04-07_16-02-34;pen.go:2026-04-03_19-39-01
2026-04-07_16-02-37,0,main.go:2026-04-07_16-02-34;pen.go:2026-04-03_19-39-01
2026-04-07_16-03-14,0,main.go:2026-04-07_16-03-14;pen.go:2026-04-03_19-39-01
2026-04-07_16-03-17,0,main.go:2026-04-07_16-03-14;pen.go:2026-04-03_19-39-01
2026-04-07_16-14-00,0,main.go:2026-04-07_16-14-00;pen.go:2026-04-03_19-39-01
2026-04-07_16-16-26,0,main.go:2026-04-07_16-16-26;pen.go:2026-04-03_19-39-01
2026-04-07_16-16-28,0,main.go:2026-04-07_16-16-26;pen.go:2026-04-03_19-39-01
2026-04-07_16-16-38,0,main.go:2026-04-07_16-16-38;pen.go:2026-04-03_19-39-01
2026-04-07_16-16-50,0,main.go:2026-04-07_16-16-50;pen.go:2026-04-03_19-39-01
2026-04-07_16-17-05,0,main.go:2026-04-07_16-17-05;pen.go:2026-04-03_19-39-01
2026-04-07_16-21-23,0,main.go:2026-04-07_16-21-23;pen.go:2026-04-03_19-39-01
2026-04-07_16-21-27,0,main.go:2026-04-07_16-21-23;pen.go:2026-04-03_19-39-01
2026-04-07_16-28-28,0,main.go:2026-04-07_16-28-28;pen.go:2026-04-03_19-39-01
2026-04-07_16-28-29,0,main.go:2026-04-07_16-28-28;pen.go:2026-04-03_19-39-01
2026-04-07_16-29-57,0,main.go:2026-04-07_16-29-57;pen.go:2026-04-03_19-39-01
2026-04-07_16-30-33,0,main.go:2026-04-07_16-30-33;pen.go:2026-04-03_19-39-01
2026-04-07_16-31-41,0,main.go:2026-04-07_16-31-41;pen.go:2026-04-03_19-39-01
2026-04-07_16-34-17,0,main.go:2026-04-07_16-34-17;pen.go:2026-04-03_19-39-01
2026-04-07_16-34-19,0,main.go:2026-04-07_16-34-17;pen.go:2026-04-03_19-39-01
2026-04-07_16-34-38,0,main.go:2026-04-07_16-34-38;pen.go:2026-04-03_19-39-01
2026-04-07_16-34-40,0,main.go:2026-04-07_16-34-38;pen.go:2026-04-03_19-39-01
2026-04-07_16-35-01,0,main.go:2026-04-07_16-35-01;pen.go:2026-04-03_19-39-01
2026-04-07_16-35-02,0,main.go:2026-04-07_16-35-01;pen.go:2026-04-03_19-39-01
2026-04-07_16-35-21,0,main.go:2026-04-07_16-35-21;pen.go:2026-04-03_19-39-01
2026-04-07_16-35-49,0,main.go:2026-04-07_16-35-49;pen.go:2026-04-03_19-39-01
2026-04-07_16-35-51,0,main.go:2026-04-07_16-35-49;pen.go:2026-04-03_19-39-01
2026-04-07_16-35-59,0,main.go:2026-04-07_16-35-59;pen.go:2026-04-03_19-39-01
2026-04-07_16-36-04,0,main.go:2026-04-07_16-36-04;pen.go:2026-04-03_19-39-01
2026-04-07_16-36-18,0,main.go:2026-04-07_16-36-18;pen.go:2026-04-03_19-39-01
2026-04-07_16-37-02,0,main.go:2026-04-07_16-37-02;pen.go:2026-04-03_19-39-01
2026-04-07_16-37-19,0,main.go:2026-04-07_16-37-19;pen.go:2026-04-03_19-39-01
2026-04-07_16-37-44,0,main.go:2026-04-07_16-37-44;pen.go:2026-04-03_19-39-01
2026-04-07_16-37-54,0,main.go:2026-04-07_16-37-54;pen.go:2026-04-03_19-39-01
2026-04-07_16-38-05,0,main.go:2026-04-07_16-38-05;pen.go:2026-04-03_19-39-01
2026-04-07_16-39-41,0,main.go:2026-04-07_16-39-41;pen.go:2026-04-03_19-39-01
2026-04-07_16-40-26,0,main.go:2026-04-07_16-40-26;pen.go:2026-04-03_19-39-01
2026-04-07_16-41-54,0,main.go:2026-04-07_16-41-54;pen.go:2026-04-03_19-39-01
2026-04-07_16-41-56,0,main.go:2026-04-07_16-41-54;pen.go:2026-04-03_19-39-01
2026-04-07_16-42-15,0,main.go:2026-04-07_16-42-15;pen.go:2026-04-03_19-39-01
2026-04-07_16-42-27,0,main.go:2026-04-07_16-42-27;pen.go:2026-04-03_19-39-01
2026-04-07_16-42-38,0,main.go:2026-04-07_16-42-38;pen.go:2026-04-03_19-39-01
2026-04-07_16-42-47,0,main.go:2026-04-07_16-42-47;pen.go:2026-04-03_19-39-01
2026-04-07_16-42-52,0,main.go:2026-04-07_16-42-52;pen.go:2026-04-03_19-39-01
2026-04-07_16-43-12,0,main.go:2026-04-07_16-43-12;pen.go:2026-04-03_19-39-01
2026-04-07_16-46-17,0,main.go:2026-04-07_16-46-17;pen.go:2026-04-03_19-39-01
2026-04-07_16-47-20,0,main.go:2026-04-07_16-47-20;pen.go:2026-04-03_19-39-01
2026-04-07_16-47-35,0,main.go:2026-04-07_16-47-35;pen.go:2026-04-03_19-39-01
2026-04-07_16-47-44,0,main.go:2026-04-07_16-47-44;pen.go:2026-04-03_19-39-01
2026-04-07_16-47-59,0,main.go:2026-04-07_16-47-59;pen.go:2026-04-03_19-39-01
2026-04-07_16-48-41,0,main.go:2026-04-07_16-48-41;pen.go:2026-04-03_19-39-01
2026-04-07_16-48-47,0,main.go:2026-04-07_16-48-47;pen.go:2026-04-03_19-39-01
2026-04-07_16-49-01,0,main.go:2026-04-07_16-49-01;pen.go:2026-04-03_19-39-01
2026-04-07_16-49-20,0,main.go:2026-04-07_16-49-20;pen.go:2026-04-03_19-39-01
2026-04-07_16-49-32,0,main.go:2026-04-07_16-49-32;pen.go:2026-04-03_19-39-01
2026-04-07_16-49-38,0,main.go:2026-04-07_16-49-38;pen.go:2026-04-03_19-39-01
2026-04-07_16-49-43,0,main.go:2026-04-07_16-49-43;pen.go:2026-04-03_19-39-01
2026-04-07_16-49-49,0,main.go:2026-04-07_16-49-49;pen.go:2026-04-03_19-39-01
2026-04-07_16-50-04,0,main.go:2026-04-07_16-50-04;pen.go:2026-04-03_19-39-01
2026-04-07_16-50-08,0,main.go:2026-04-07_16-50-08;pen.go:2026-04-03_19-39-01
2026-04-07_16-50-32,0,main.go:2026-04-07_16-50-32;pen.go:2026-04-03_19-39-01
2026-04-07_16-50-43,0,main.go:2026-04-07_16-50-43;pen.go:2026-04-03_19-39-01
2026-04-07_16-50-53,0,main.go:2026-04-07_16-50-53;pen.go:2026-04-03_19-39-01
2026-04-07_16-51-00,0,main.go:2026-04-07_16-51-00;pen.go:2026-04-03_19-39-01
2026-04-07_16-51-10,0,main.go:2026-04-07_16-51-10;pen.go:2026-04-03_19-39-01
2026-04-07_16-53-15,0,main.go:2026-04-07_16-53-15;pen.go:2026-04-03_19-39-01
2026-04-07_16-53-23,0,main.go:2026-04-07_16-53-23;pen.go:2026-04-03_19-39-01
2026-04-07_16-53-25,0,main.go:2026-04-07_16-53-23;pen.go:2026-04-03_19-39-01
