2026-03-26_20-01-02,0,shell.go:2026-03-26_20-01-02
2026-03-26_20-04-29,0,shell.go:2026-03-26_20-04-29
2026-03-26_20-04-33,0,shell.go:2026-03-26_20-04-29
2026-03-26_20-10-46,0,shell.go:2026-03-26_20-10-46
2026-03-26_20-10-52,0,shell.go:2026-03-26_20-10-46
2026-03-26_20-11-31,0,shell.go:2026-03-26_20-11-31
2026-03-26_20-11-34,0,shell.go:2026-03-26_20-11-31
2026-03-26_20-12-41,0,shell.go:2026-03-26_20-12-41
2026-03-26_20-20-18,0,shell.go:2026-03-26_20-20-18
2026-03-26_20-20-22,0,shell.go:2026-03-26_20-20-18
2026-03-26_20-20-25,0,shell.go:2026-03-26_20-20-18
2026-03-26_20-21-00,0,shell.go:2026-03-26_20-21-00
2026-03-26_20-21-17,0,shell.go:2026-03-26_20-21-17
2026-03-26_20-21-22,0,shell.go:2026-03-26_20-21-17
2026-03-26_20-21-27,0,shell.go:2026-03-26_20-21-17
2026-03-26_20-22-01,0,shell.go:2026-03-26_20-22-01
2026-03-26_20-22-04,0,shell.go:2026-03-26_20-22-01
2026-03-26_20-22-06,0,shell.go:2026-03-26_20-22-01
2026-03-26_20-22-09,0,shell.go:2026-03-26_20-22-01
2026-03-26_20-23-02,0,shell.go:2026-03-26_20-23-02
2026-03-26_20-23-04,14,shell.go:2026-03-26_20-23-02
2026-03-26_20-25-52,0,shell.go:2026-03-26_20-25-52
2026-03-26_20-25-54,0,shell.go:2026-03-26_20-25-52
2026-03-26_20-27-59,0,shell.go:2026-03-26_20-27-59
2026-03-26_20-28-01,0,shell.go:2026-03-26_20-27-59
2026-03-26_20-28-48,0,shell.go:2026-03-26_20-28-48
2026-03-26_20-29-32,0,shell.go:2026-03-26_20-29-32
2026-03-26_20-29-37,0,shell.go:2026-03-26_20-29-32
2026-03-26_20-29-57,0,shell.go:2026-03-26_20-29-57
2026-03-26_20-30-01,14,shell.go:2026-03-26_20-29-57
2026-03-26_20-39-04,0,shell.go:2026-03-26_20-39-04
2026-03-26_20-39-06,14,shell.go:2026-03-26_20-39-04
2026-03-26_20-39-08,14,shell.go:2026-03-26_20-39-04
2026-03-26_20-49-41,0,shell.go:2026-03-26_20-49-41
2026-03-26_20-49-43,14,shell.go:2026-03-26_20-49-41
2026-03-26_20-54-15,14,shell.go:2026-03-26_20-49-41
2026-03-30_15-56-00,0,shell.go:2026-03-30_15-56-00
2026-03-30_15-56-02,0,shell.go:2026-03-30_15-56-00
2026-03-30_15-56-04,0,shell.go:2026-03-30_15-56-00
2026-03-30_15-57-47,0,shell.go:2026-03-30_15-57-47
2026-03-30_15-57-54,28,shell.go:2026-03-30_15-57-47
2026-03-30_15-57-55,28,shell.go:2026-03-30_15-57-47
2026-03-30_15-57-57,28,shell.go:2026-03-30_15-57-47
2026-03-30_15-58-52,0,shell.go:2026-03-30_15-58-52
2026-03-30_15-58-54,28,shell.go:2026-03-30_15-58-52
2026-03-30_15-59-13,0,shell.go:2026-03-30_15-59-13
2026-03-30_15-59-15,42,shell.go:2026-03-30_15-59-13
2026-03-30_16-09-14,0,shell.go:2026-03-30_16-09-14
2026-03-30_16-09-21,42,shell.go:2026-03-30_16-09-14
2026-03-30_16-09-38,42,shell.go:2026-03-30_16-09-14
2026-03-30_16-10-01,---,shell.go:2026-03-30_16-09-14
2026-03-30_16-10-12,---,shell.go:2026-03-30_16-09-14
2026-03-30_16-10-31,42,shell.go:2026-03-30_16-09-14
2026-03-30_16-10-51,42,shell.go:2026-03-30_16-09-14
2026-03-30_19-21-16,0,shell.go:2026-03-30_19-21-16
2026-03-30_19-21-18,42,shell.go:2026-03-30_19-21-16
2026-03-30_19-31-08,0,shell.go:2026-03-30_19-31-08
2026-03-30_19-31-10,42,shell.go:2026-03-30_19-31-08
2026-03-30_19-32-36,0,shell.go:2026-03-30_19-32-36
2026-03-30_19-32-39,42,shell.go:2026-03-30_19-32-36
2026-03-30_19-37-11,0,shell.go:2026-03-30_19-37-11
2026-03-30_19-37-13,42,shell.go:2026-03-30_19-37-11
2026-03-30_19-37-47,0,shell.go:2026-03-30_19-37-47
2026-03-30_19-37-50,42,shell.go:2026-03-30_19-37-47
2026-03-30_19-38-36,0,shell.go:2026-03-30_19-38-36
2026-03-30_19-38-37,42,shell.go:2026-03-30_19-38-36
2026-03-30_19-52-18,0,shell.go:2026-03-30_19-52-18
2026-03-30_19-52-20,42,shell.go:2026-03-30_19-52-18
2026-03-30_19-53-12,0,shell.go:2026-03-30_19-53-12
2026-03-30_19-53-13,42,shell.go:2026-03-30_19-53-12
2026-03-30_19-55-42,0,shell.go:2026-03-30_19-55-42
2026-03-30_19-55-44,42,shell.go:2026-03-30_19-55-42
2026-03-30_19-56-05,0,shell.go:2026-03-30_19-56-05
2026-03-30_19-56-07,42,shell.go:2026-03-30_19-56-05
2026-03-30_19-58-05,0,shell.go:2026-03-30_19-58-05
2026-03-30_19-58-07,42,shell.go:2026-03-30_19-58-05
2026-03-30_19-58-32,0,shell.go:2026-03-30_19-58-32
2026-03-30_19-58-34,57,shell.go:2026-03-30_19-58-32
2026-03-30_19-59-08,57,shell.go:2026-03-30_19-58-32
2026-03-30_20-10-13,0,shell.go:2026-03-30_20-10-13
2026-03-30_20-10-20,57,shell.go:2026-03-30_20-10-13
2026-03-30_20-10-57,0,shell.go:2026-03-30_20-10-57
2026-03-30_20-11-05,0,shell.go:2026-03-30_20-11-05
2026-03-30_20-11-06,57,shell.go:2026-03-30_20-11-05
2026-03-30_20-15-41,0,shell.go:2026-03-30_20-15-41
2026-03-30_20-15-42,57,shell.go:2026-03-30_20-15-41
2026-03-30_20-16-20,0,shell.go:2026-03-30_20-16-20
2026-03-30_20-16-21,57,shell.go:2026-03-30_20-16-20
2026-03-30_20-17-25,57,shell.go:2026-03-30_20-16-20
2026-03-30_20-19-39,0,shell.go:2026-03-30_20-19-39
2026-03-30_20-19-40,57,shell.go:2026-03-30_20-19-39
2026-03-30_21-05-11,0,shell.go:2026-03-30_21-05-11
2026-03-30_21-05-13,71,shell.go:2026-03-30_21-05-11
2026-03-30_21-07-17,0,shell.go:2026-03-30_21-07-17
2026-03-30_21-07-19,71,shell.go:2026-03-30_21-07-17
2026-03-30_21-21-19,0,shell.go:2026-03-30_21-21-19
2026-03-30_21-21-21,85,shell.go:2026-03-30_21-21-19
2026-03-30_21-47-00,0,shell.go:2026-03-30_21-47-00
2026-03-30_21-47-02,100,shell.go:2026-03-30_21-47-00
