2026-03-11_21-35-17,70,draft.go:2026-03-11_21-35-17
2026-03-11_21-36-39,70,draft.go:2026-03-11_21-35-17
2026-03-11_21-39-54,70,draft.go:2026-03-11_21-35-17
2026-03-11_21-40-24,70,draft.go:2026-03-11_21-35-17
2026-03-11_21-42-40,70,draft.go:2026-03-11_21-35-17
2026-03-11_21-45-30,---,draft.go:2026-03-11_21-35-17
2026-03-11_21-59-10,70,draft.go:2026-03-11_21-35-17
2026-03-11_22-02-48,70,draft.go:2026-03-11_21-35-17
2026-03-11_22-03-34,---,draft.go:2026-03-11_21-35-17
2026-03-11_22-07-51,70,draft.go:2026-03-11_21-35-17
2026-03-11_22-08-26,70,draft.go:2026-03-11_21-35-17
2026-03-11_22-08-37,100,draft.go:2026-03-11_22-08-37
2026-03-11_22-08-57,100,draft.go:2026-03-11_22-08-57
