2026-06-04_13-20-10,---,draft.go:2026-06-04_13-20-10
2026-06-04_13-26-19,---,draft.go:2026-06-04_13-26-19
2026-06-05_15-46-52,100,LinkedList.go:2026-06-05_15-46-52;draft.go:2026-06-05_15-46-52;Node.go:2026-06-05_15-46-52
2026-06-05_15-47-17,100,dlist.go:2026-06-05_15-47-17;main.go:2026-06-05_15-47-17
2026-06-05_15-56-43,0,main.go:2026-06-05_15-56-43
2026-06-05_15-56-46,0,main.go:2026-06-05_15-56-43
2026-06-05_15-56-48,0,main.go:2026-06-05_15-56-43
2026-06-05_15-57-07,0,main.go:2026-06-05_15-57-07
2026-06-05_15-58-14,0,main.go:2026-06-05_15-58-14
2026-06-05_15-58-17,0,main.go:2026-06-05_15-58-14
2026-06-05_16-11-08,0,main.go:2026-06-05_16-11-08
2026-06-05_16-12-35,0,main.go:2026-06-05_16-12-35
2026-06-05_16-12-49,0,main.go:2026-06-05_16-12-49
2026-06-05_16-13-06,0,main.go:2026-06-05_16-13-06
2026-06-05_16-13-38,0,main.go:2026-06-05_16-13-38
2026-06-05_16-19-07,0,main.go:2026-06-05_16-19-07
2026-06-05_16-19-34,0,main.go:2026-06-05_16-19-34
2026-06-05_16-19-38,0,main.go:2026-06-05_16-19-34
2026-06-05_16-20-26,0,main.go:2026-06-05_16-20-26
2026-06-05_16-20-48,0,main.go:2026-06-05_16-20-48
2026-06-05_16-21-21,0,main.go:2026-06-05_16-21-21
2026-06-05_16-22-44,0,main.go:2026-06-05_16-22-44
2026-06-05_16-22-46,0,main.go:2026-06-05_16-22-44
2026-06-05_16-22-48,0,main.go:2026-06-05_16-22-44
2026-06-05_16-23-00,0,main.go:2026-06-05_16-23-00
2026-06-05_16-23-07,0,main.go:2026-06-05_16-23-07
2026-06-05_16-26-13,0,main.go:2026-06-05_16-26-13
2026-06-05_16-26-15,0,main.go:2026-06-05_16-26-13
2026-06-05_16-26-30,0,main.go:2026-06-05_16-26-30
2026-06-05_16-27-09,0,main.go:2026-06-05_16-27-09
2026-06-05_16-27-48,0,main.go:2026-06-05_16-27-48
2026-06-05_16-28-40,30,main.go:2026-06-05_16-28-40
2026-06-05_16-30-22,30,main.go:2026-06-05_16-30-22
2026-06-05_16-30-29,30,main.go:2026-06-05_16-30-22
2026-06-05_16-38-22,100,main.go:2026-06-05_16-38-22
2026-06-05_16-39-05,100,main.go:2026-06-05_16-38-22
